{
    "keywords": [
        {
            "keywords": ["fashion trends", "latest trends","trend","trends", "clothing trends"],
            "response": "Fashion trends reflect the most popular styles and designs of the current season, influenced by culture, social media, and runway shows."
        },
        {
            "keywords": ["t-shirt", "casual wear", "basic tee"],
            "response": "A t-shirt is a basic, casual piece of clothing that comes in various styles and materials, often used as a staple in many outfits."
        },
        {
            "keywords": ["Jeans", "denim", "casual pants"],
            "response": "Jeans, made from denim, are a staple of casual fashion, known for their durability and versatility, available in styles like skinny, straight-leg, or flared."
        },
        {
            "keywords": ["fashion accessories", "scarves", "belts", "hats"],
            "response": "Fashion accessories, such as scarves, belts, and hats, enhance an outfit by adding personal style and flair."
        },
        {
            "keywords": ["street style", "urban fashion", "everyday clothing"],
            "response": "Street style is an urban-inspired way of dressing that includes casual, comfortable clothes like sneakers, hoodies, and graphic t-shirts."
        },
        {
            "keywords": ["designer clothing", "luxury brands", "high-end fashion"],
            "response": "Designer clothing is high-end fashion created by well-known luxury brands, often featuring unique designs and premium materials."
        },
        {
            "keywords": ["athleisure", "sports fashion", "activewear"],
            "response": "Athleisure combines athletic wear with casual fashion, allowing for comfortable, versatile clothing that can be worn both for exercise and daily activities."
        },
        {
            "keywords": ["vintage clothing", "retro fashion", "second-hand clothes"],
            "response": "Vintage clothing refers to garments from a previous era, often admired for their quality, uniqueness, and ability to stand the test of time."
        },
        {
            "keywords": ["tailored clothing", "formal wear", "custom-fit clothes"],
            "response": "Tailored clothing is custom-fitted to the wearer’s body, often associated with formal or business wear like suits and blazers."
        },
        {
            "keywords": ["seasonal clothing", "winter fashion", "summer wear"],
            "response": "Seasonal clothing includes styles and fabrics suited to different seasons, such as warm coats and boots for winter or light dresses and sandals for summer."
        },
        {
            "keywords": ["capsule wardrobe", "minimalist clothing", "essential items"],
            "response": "A capsule wardrobe consists of a small collection of versatile, timeless clothing pieces that can be mixed and matched to create many outfits."
        },
        {
            "keywords": ["fashion influencers", "social media fashion", "style bloggers"],
            "response": "Fashion influencers use social media to showcase their personal style, often setting trends and promoting brands to their followers."
        },
        {
            "keywords": ["bodycon dress", "tight-fitting dress", "party dress"],
            "response": "A bodycon dress is a tight-fitting dress that hugs the body, often worn for parties or night-out events."
        },
        {
            "keywords": ["sneakers", "sports shoes", "casual footwear"],
            "response": "Sneakers are casual footwear designed for comfort and style, often worn with streetwear or athleisure outfits."
        },
        {
            "keywords": ["little black dress", "LBD", "classic fashion"],
            "response": "The little black dress (LBD) is a classic, versatile fashion piece suitable for various occasions, known for its simplicity and elegance."
        },
        {
            "keywords": ["denim jacket", "outerwear", "casual jacket"],
            "response": "A denim jacket is a timeless casual outerwear piece made from denim, often used to layer over t-shirts, dresses, or sweaters."
        },
        {
            "keywords": ["maxi dress", "long dress", "summer fashion"],
            "response": "A maxi dress is a long, flowing dress, often worn in the summer for a comfortable, breezy, and stylish look."
        },
        {
            "keywords": ["fashion shows", "runway fashion", "catwalk"],
            "response": "Fashion shows, like those at Fashion Week, feature runway presentations of designers' latest collections, showcasing upcoming trends and innovations."
        },
        {
            "keywords": ["high-waisted jeans", "denim trend", "fashion-forward jeans"],
            "response": "High-waisted jeans are a popular denim trend, offering a flattering fit that cinches at the waist and elongates the legs."
        },
        {
            "keywords": ["boho fashion", "bohemian style", "free-spirited fashion"],
            "response": "Boho fashion is inspired by a free-spirited, relaxed lifestyle, featuring flowy fabrics, earthy tones, and eclectic patterns."
        },
        {
            "keywords": ["color trends", "seasonal colors", "fashion palettes"],
            "response": "Fashion color trends vary each season, with designers incorporating bold or pastel palettes, depending on the time of year."
        },
        {
            "keywords": ["jumpsuit", "one-piece outfit", "casual chic"],
            "response": "A jumpsuit is a one-piece outfit that can be both casual and chic, offering a stylish and easy-to-wear option for various occasions."
        },
        {
            "keywords": ["fashion fabrics", "cotton", "silk", "leather"],
            "response": "Fashion fabrics range from natural materials like cotton and silk to synthetic options like polyester, each offering different textures and uses."
        },
        {
            "keywords": ["denim shorts", "summer clothing", "casual wear"],
            "response": "Denim shorts are a casual summer staple, often paired with t-shirts, tank tops, or sandals for a laid-back look."
        },
        {
            "keywords": ["fashion collections", "seasonal collections", "designer releases"],
            "response": "Fashion collections are groups of clothing designs released by designers or brands, often showcasing new styles and trends for a specific season."
        },
        {
            "keywords": ["crop top", "summer fashion", "trendy tops"],
            "response": "A crop top is a short shirt that reveals the midriff, often worn during summer or paired with high-waisted pants or skirts."
        },
        {
            "keywords": ["layering", "fashion technique", "winter fashion"],
            "response": "Layering is a technique used in fashion to combine multiple pieces of clothing, often to create a stylish and practical look for colder weather."
        },
        {
            "keywords": ["fashion icons", "celebrity style", "influential designers"],
            "response": "Fashion icons are individuals, such as celebrities or designers, whose style has significantly influenced fashion trends over time."
        },
        {
            "keywords": ["bralette", "innerwear", "fashionable lingerie"],
            "response": "A bralette is a soft, wire-free bra that can be worn as innerwear or styled as outerwear, often considered both comfortable and fashionable."
        },
        {
            "keywords": ["cardigan", "knitwear", "light sweater"],
            "response": "A cardigan is a light, open-front sweater often worn as a layering piece, perfect for both casual and professional outfits."
        },
        {
            "keywords": ["flannel shirt", "casual shirt", "plaid pattern"],
            "response": "A flannel shirt is a casual shirt made from soft fabric, often featuring a plaid pattern and used in laid-back, outdoor-inspired outfits."
        },
        {
            "keywords": ["oversized clothing", "baggy fashion", "loose fit"],
            "response": "Oversized clothing is a trend featuring loose-fitting garments that prioritize comfort and a relaxed, laid-back style."
        },
        {
            "keywords": ["skinny jeans", "fitted pants", "slim-fit denim"],
            "response": "Skinny jeans are slim-fitting denim pants that hug the legs closely, a popular style for creating a sleek, modern silhouette."
        },
        {
            "keywords": ["sweatpants", "loungewear", "comfortable pants"],
            "response": "Sweatpants are soft, casual pants typically worn for lounging, exercising, or creating a relaxed, sporty look."
        },
        {
            "keywords": ["fashion sustainability", "ethical clothing", "slow fashion"],
            "response": "Fashion sustainability focuses on producing clothing in ways that reduce environmental impact, such as using eco-friendly materials and ethical labor practices."
        },
        {
            "keywords": ["fashion history", "20th century fashion", "historical clothing"],
            "response": "Fashion history explores the evolution of clothing trends and styles over time, including iconic moments from the 20th century, like flapper dresses and bell-bottoms."
        },
        {
            "keywords": ["gender-neutral clothing", "unisex fashion", "inclusive fashion"],
            "response": "Gender-neutral clothing is designed to be worn by anyone, regardless of gender, promoting inclusivity and a more fluid approach to fashion."
        },
        {
            "keywords": ["men", "boys", "male fashion"],
            "response": "For men's fashion and clothing styles, visit the [Men's Fashion Page]"
        },
        {
            "keywords": ["casual", "everyday", "outfit"],
            "response": "For a chic casual look, opt for high-waisted jeans paired with a fitted tee and layer with a denim jacket. Finish with white sneakers for comfort and style."
          },
          {
            "keywords": ["formal", "business", "office"],
            "response": "Elevate your office attire with tailored trousers and a crisp button-up shirt. Add a structured blazer to complete the look, and opt for loafers for a polished finish."
          },
          {
            "keywords": ["trendy", "latest", "fashion"],
            "response": "Stay on-trend by incorporating statement pieces like oversized blazers or vibrant prints into your wardrobe. Don’t forget to mix textures for added depth!"
          },
          {
            "keywords": ["accessories", "jewelry", "hats"],
            "response": "Elevate your outfit with carefully chosen accessories. A statement necklace or a pair of bold earrings can transform a simple look, while a stylish hat can add character."
          },
          {
            "keywords": ["seasonal", "summer", "winter"],
            "response": "In summer, embrace light fabrics like linen and cotton; try flowy maxi dresses or tailored shorts. For winter, layer up with cozy knitwear, scarves, and ankle boots."
          },
          {
            "keywords": ["colors", "color palette", "coordination"],
            "response": "Explore color theory by pairing complementary colors for a vibrant look or go for monochrome outfits for a sophisticated style. Don't shy away from experimenting with bold hues!"
          },
          {
            "keywords": ["dresses", "gowns", "formal wear"],
            "response": "For formal events, choose dresses that flatter your body shape. A-line gowns are universally flattering, while fitted styles can enhance your silhouette beautifully."
          },
          {
            "keywords": ["loungewear", "comfortable", "cozy"],
            "response": "Make your loungewear stylish by opting for matching sets in soft fabrics. Pair with chic slippers for a look that’s both comfy and put together."
          },
          {
            "keywords": ["athletic", "activewear", "fitness"],
            "response": "Invest in high-quality activewear that offers support and breathability. Choose moisture-wicking fabrics for workouts, and don’t forget a stylish gym bag!"
          },
          {
            "keywords": ["sustainable", "eco-friendly", "fashion"],
            "response": "Support sustainable fashion by opting for brands that prioritize eco-friendly materials. Vintage shopping is also a great way to find unique pieces while being kind to the planet."
          },
          {
            "keywords": ["vacation", "travel", "packing"],
            "response": "Pack versatile pieces that can be mixed and matched. Lightweight dresses, comfortable sandals, and a versatile jacket will take you from beach to dinner seamlessly."
          },
          {
            "keywords": ["events", "parties", "celebrations"],
            "response": "For parties, consider wearing bold prints or shimmering fabrics. Accessories can play a huge role—think statement earrings or a clutch that pops!"
          },
          {
            "keywords": ["style", "personal", "signature"],
            "response": "Develop your personal style by reflecting on what makes you feel confident. Experiment with different looks and embrace the styles that resonate with your personality."
          },
          {
            "keywords": ["body type", "fit", "flattering"],
            "response": "Choose clothing that flatters your body type. For example, A-line dresses work well for pear shapes, while structured tops can enhance an hourglass figure."
          },
          {
            "keywords": [ "fashion week", "runway"],
            "response": "Stay updated with the latest trends from fashion weeks, but adapt them to your personal style. The best looks are those that reflect who you are."
          },
          {
            "keywords": ["budget", "affordable", "shopping"],
            "response": "You can build a stylish wardrobe on a budget by shopping sales, exploring thrift stores, and investing in versatile basics that you can mix and match."
          },
          {
            "keywords": ["influencer", "style inspiration", "fashion blogs"],
            "response": "Follow fashion influencers and blogs for daily inspiration. They often share styling tips that can help you elevate your everyday outfits."
          },
          {
            "keywords": ["seasonal", "transitional", "outfits"],
            "response": "For transitional outfits, layer lightweight pieces. A turtleneck under a slip dress can be both stylish and functional during seasonal changes."
          },
          {
            "keywords": ["print", "pattern", "mixing"],
            "response": "Mix prints like stripes and florals by keeping one print subtle. This adds an eclectic touch to your outfit without overwhelming it."
          },
          {
            "keywords": ["hairstyle", "makeup", "beauty"],
            "response": "Choose hairstyles and makeup that complement your outfit. A sleek ponytail works well with a structured look, while soft waves pair beautifully with flowing dresses."
          },
          {
            "keywords": ["confidence", "self-expression", "empowerment"],
            "response": "Wear what makes you feel confident. Fashion is a form of self-expression, so choose pieces that resonate with you and empower you to shine."
          },
          {
            "keywords": ["shoes", "footwear", "sneakers"],
            "response": "A great pair of shoes can elevate any outfit. For a casual look, opt for white sneakers, while heeled boots can add sophistication to your evening wear."
          },
          {
            "keywords": ["shirts", "tops", "blouses"],
            "response": "Experiment with different shirt styles like oversized, fitted, or crop tops. Pair them with high-waisted bottoms for a balanced silhouette."
          },
          {
            "keywords": ["pants", "trousers", "jeans"],
            "response": "Choose the right fit for your body type. High-waisted jeans can elongate your legs, while wide-leg trousers can provide a chic, comfortable look."
          },
          {
            "keywords": ["skirts", "shorts", "bottoms"],
            "response": "Skirts come in various styles. A pencil skirt is great for the office, while a flowy maxi skirt can be perfect for summer outings."
          },
          {
            "keywords": ["outerwear", "jackets", "coats"],
            "response": "Layering is key for style and warmth. A tailored coat can make any outfit look polished, while a bomber jacket adds a trendy touch."
          },
          {
            "keywords": ["sweaters", "knitwear", "hoodies"],
            "response": "Opt for cozy knitwear during colder months. Chunky sweaters can be paired with skinny jeans for a balanced silhouette."
          },
          {
            "keywords": ["accessories", "belts", "scarves"],
            "response": "Accessorize with belts to define your waistline and scarves for a pop of color. These small additions can dramatically change your look."
          },
          {
            "keywords": ["color", "hues", "shades"],
            "response": "Choose colors that complement your skin tone. Earthy tones work well for warm complexions, while jewel tones can enhance cooler skin tones."
          },
          {
            "keywords": ["dressing", "outfit ideas", "style tips"],
            "response": "When in doubt, a classic combo like a white shirt with blue jeans is timeless. Add a blazer for a more polished look."
          },
          {
            "keywords": ["fashion", "style", "trends"],
            "response": "Keep an eye on current fashion trends, but always make them your own. Personal style should feel comfortable and authentic."
          },
          {
            "keywords": ["fit", "tailoring", "customization"],
            "response": "Tailoring can transform an average outfit into something special. Don’t hesitate to adjust pieces to fit your body perfectly."
          },
          {
            "keywords": ["prints", "textures", "layers"],
            "response": "Incorporate different textures and prints in your outfit to create depth. Mixing silk with denim or cotton can add an interesting twist."
          },
          {
            "keywords": ["fashion history", "classic styles", "vintage"],
            "response": "Explore classic styles from fashion history for timeless inspiration. Vintage pieces can add character and uniqueness to your wardrobe."
          },
          {
            "keywords": ["cleaning", "maintenance", "care"],
            "response": "Proper care for your clothes extends their lifespan. Follow washing instructions and store them correctly to keep your wardrobe in top shape."
          },
          {
            "keywords": ["fashion tips", "advice", "guide"],
            "response": "Stay updated on fashion tips by following style blogs and magazines. Knowledge is key to developing your personal style."
          },
          {
            "keywords": ["maternity", "pregnancy", "clothing"],
            "response": "Look for maternity wear that offers comfort without sacrificing style. Dresses with empire waists can be flattering as your body changes."
          },
          {
            "keywords": ["plus size", "curvy", "inclusivity"],
            "response": "Fashion is for everyone. Seek out brands that offer stylish plus-size options to ensure you feel confident and beautiful."
          },
          {
            "keywords": ["formal events", "black tie", "weddings"],
            "response": "For black tie events, opt for formal gowns or tuxedos. Accessorize with elegant jewelry to elevate your look."
          },
          {
            "keywords": ["fashion industry", "careers", "opportunities"],
            "response": "Explore diverse careers within the fashion industry, from design and marketing to retail and styling. Each role plays a vital part in shaping fashion."
          },
          {
            "keywords": ["trends", "forecasts", "influences"],
            "response": "Keep an eye on fashion forecasts to stay ahead of trends. Social media influencers often showcase emerging styles."
          },
          {
            "keywords": ["styling", "outfit creation", "personal shopper"],
            "response": "Consider hiring a personal shopper or stylist to help you curate a wardrobe that reflects your personal style and needs."
          }
        
    ]
}
